Seconds Since Start,Datapath,Eth Src,Eth Dst,Count,Action
125,2,00:00:00:00:00:16,00:00:00:00:00:13,3,temp_block
130,1,00:00:00:00:00:16,00:00:00:00:00:13,3,temp_block
130,2,00:00:00:00:00:16,00:00:00:00:00:13,4,temp_block
135,2,00:00:00:00:00:16,00:00:00:00:00:13,5,perm_block
135,1,00:00:00:00:00:16,00:00:00:00:00:13,4,temp_block
135,1,00:00:00:00:00:12,00:00:00:00:00:13,3,temp_block
140,1,00:00:00:00:00:16,00:00:00:00:00:13,5,perm_block
140,1,00:00:00:00:00:12,00:00:00:00:00:13,4,temp_block
140,2,00:00:00:00:00:16,00:00:00:00:00:13,6,perm_block
140,2,00:00:00:00:00:12,00:00:00:00:00:13,3,temp_block
145,1,00:00:00:00:00:12,00:00:00:00:00:13,5,perm_block
145,1,00:00:00:00:00:16,00:00:00:00:00:13,6,perm_block
145,2,00:00:00:00:00:12,00:00:00:00:00:13,4,temp_block
150,1,00:00:00:00:00:12,00:00:00:00:00:13,6,perm_block
150,2,00:00:00:00:00:12,00:00:00:00:00:13,5,perm_block
155,2,00:00:00:00:00:16,00:00:00:00:00:13,7,perm_block
155,1,00:00:00:00:00:16,00:00:00:00:00:13,7,perm_block
160,1,00:00:00:00:00:16,00:00:00:00:00:13,8,perm_block
160,1,00:00:00:00:00:12,00:00:00:00:00:13,7,perm_block
160,2,00:00:00:00:00:16,00:00:00:00:00:13,8,perm_block
160,2,00:00:00:00:00:12,00:00:00:00:00:13,6,perm_block
165,1,00:00:00:00:00:16,00:00:00:00:00:13,9,perm_block
165,1,00:00:00:00:00:12,00:00:00:00:00:13,8,perm_block
165,2,00:00:00:00:00:16,00:00:00:00:00:13,9,perm_block
165,2,00:00:00:00:00:12,00:00:00:00:00:13,7,perm_block
170,2,00:00:00:00:00:16,00:00:00:00:00:13,10,perm_block
170,2,00:00:00:00:00:12,00:00:00:00:00:13,8,perm_block
170,1,00:00:00:00:00:16,00:00:00:00:00:13,10,perm_block
170,1,00:00:00:00:00:12,00:00:00:00:00:13,9,perm_block
175,1,00:00:00:00:00:12,00:00:00:00:00:13,10,perm_block
175,2,00:00:00:00:00:12,00:00:00:00:00:13,9,perm_block
180,1,00:00:00:00:00:12,00:00:00:00:00:13,11,perm_block
180,2,00:00:00:00:00:12,00:00:00:00:00:13,10,perm_block
185,1,00:00:00:00:00:12,00:00:00:00:00:13,12,perm_block
185,2,00:00:00:00:00:12,00:00:00:00:00:13,11,perm_block
190,1,00:00:00:00:00:16,00:00:00:00:00:13,11,perm_block
190,2,00:00:00:00:00:16,00:00:00:00:00:13,11,perm_block
195,1,00:00:00:00:00:16,00:00:00:00:00:13,12,perm_block
195,2,00:00:00:00:00:16,00:00:00:00:00:13,12,perm_block
200,1,00:00:00:00:00:16,00:00:00:00:00:13,13,perm_block
200,1,00:00:00:00:00:12,00:00:00:00:00:13,13,perm_block
200,2,00:00:00:00:00:16,00:00:00:00:00:13,13,perm_block
200,2,00:00:00:00:00:12,00:00:00:00:00:13,12,perm_block
205,1,00:00:00:00:00:12,00:00:00:00:00:13,14,perm_block
205,2,00:00:00:00:00:12,00:00:00:00:00:13,13,perm_block
210,2,00:00:00:00:00:16,00:00:00:00:00:13,14,perm_block
220,2,00:00:00:00:00:16,00:00:00:00:00:13,15,perm_block
220,2,00:00:00:00:00:12,00:00:00:00:00:13,14,perm_block
220,1,00:00:00:00:00:16,00:00:00:00:00:13,14,perm_block
220,1,00:00:00:00:00:12,00:00:00:00:00:13,15,perm_block
225,1,00:00:00:00:00:16,00:00:00:00:00:13,15,perm_block
225,2,00:00:00:00:00:16,00:00:00:00:00:13,16,perm_block
230,1,00:00:00:00:00:16,00:00:00:00:00:13,16,perm_block
230,1,00:00:00:00:00:12,00:00:00:00:00:13,16,perm_block
230,2,00:00:00:00:00:16,00:00:00:00:00:13,17,perm_block
230,2,00:00:00:00:00:12,00:00:00:00:00:13,15,perm_block
235,1,00:00:00:00:00:12,00:00:00:00:00:13,17,perm_block
235,2,00:00:00:00:00:12,00:00:00:00:00:13,16,perm_block
240,1,00:00:00:00:00:16,00:00:00:00:00:13,17,perm_block
245,1,00:00:00:00:00:12,00:00:00:00:00:13,18,perm_block
245,2,00:00:00:00:00:12,00:00:00:00:00:13,17,perm_block
250,1,00:00:00:00:00:16,00:00:00:00:00:13,18,perm_block
250,2,00:00:00:00:00:16,00:00:00:00:00:13,18,perm_block
255,1,00:00:00:00:00:16,00:00:00:00:00:13,19,perm_block
255,2,00:00:00:00:00:16,00:00:00:00:00:13,19,perm_block
260,1,00:00:00:00:00:16,00:00:00:00:00:13,20,perm_block
260,1,00:00:00:00:00:12,00:00:00:00:00:13,19,perm_block
260,2,00:00:00:00:00:16,00:00:00:00:00:13,20,perm_block
260,2,00:00:00:00:00:12,00:00:00:00:00:13,18,perm_block
265,1,00:00:00:00:00:12,00:00:00:00:00:13,20,perm_block
265,2,00:00:00:00:00:12,00:00:00:00:00:13,19,perm_block
270,1,00:00:00:00:00:16,00:00:00:00:00:13,21,perm_block
270,2,00:00:00:00:00:16,00:00:00:00:00:13,21,perm_block
275,1,00:00:00:00:00:16,00:00:00:00:00:13,22,perm_block
275,2,00:00:00:00:00:16,00:00:00:00:00:13,22,perm_block
275,2,00:00:00:00:00:12,00:00:00:00:00:13,20,perm_block
285,1,00:00:00:00:00:16,00:00:00:00:00:13,23,perm_block
285,1,00:00:00:00:00:12,00:00:00:00:00:13,21,perm_block
285,2,00:00:00:00:00:16,00:00:00:00:00:13,23,perm_block
285,2,00:00:00:00:00:12,00:00:00:00:00:13,21,perm_block
290,1,00:00:00:00:00:16,00:00:00:00:00:13,24,perm_block
290,1,00:00:00:00:00:12,00:00:00:00:00:13,22,perm_block
290,2,00:00:00:00:00:16,00:00:00:00:00:13,24,perm_block
290,2,00:00:00:00:00:12,00:00:00:00:00:13,22,perm_block
295,1,00:00:00:00:00:12,00:00:00:00:00:13,23,perm_block
295,2,00:00:00:00:00:12,00:00:00:00:00:13,23,perm_block
305,1,00:00:00:00:00:12,00:00:00:00:00:13,24,perm_block
310,1,00:00:00:00:00:16,00:00:00:00:00:13,25,perm_block
310,1,00:00:00:00:00:12,00:00:00:00:00:13,25,perm_block
310,2,00:00:00:00:00:16,00:00:00:00:00:13,25,perm_block
315,1,00:00:00:00:00:16,00:00:00:00:00:13,26,perm_block
315,1,00:00:00:00:00:12,00:00:00:00:00:13,26,perm_block
315,2,00:00:00:00:00:16,00:00:00:00:00:13,26,perm_block
315,2,00:00:00:00:00:12,00:00:00:00:00:13,24,perm_block
320,2,00:00:00:00:00:16,00:00:00:00:00:13,27,perm_block
320,2,00:00:00:00:00:12,00:00:00:00:00:13,25,perm_block
320,1,00:00:00:00:00:16,00:00:00:00:00:13,27,perm_block
320,1,00:00:00:00:00:12,00:00:00:00:00:13,27,perm_block
325,1,00:00:00:00:00:12,00:00:00:00:00:13,28,perm_block
325,2,00:00:00:00:00:12,00:00:00:00:00:13,26,perm_block
325,2,00:00:00:00:00:16,00:00:00:00:00:13,28,perm_block
330,1,00:00:00:00:00:16,00:00:00:00:00:13,28,perm_block
335,1,00:00:00:00:00:12,00:00:00:00:00:13,29,perm_block
335,2,00:00:00:00:00:12,00:00:00:00:00:13,27,perm_block
340,1,00:00:00:00:00:16,00:00:00:00:00:13,29,perm_block
340,2,00:00:00:00:00:16,00:00:00:00:00:13,29,perm_block
345,2,00:00:00:00:00:16,00:00:00:00:00:13,30,perm_block
345,2,00:00:00:00:00:12,00:00:00:00:00:13,28,perm_block
345,1,00:00:00:00:00:16,00:00:00:00:00:13,30,perm_block
345,1,00:00:00:00:00:12,00:00:00:00:00:13,30,perm_block
350,1,00:00:00:00:00:16,00:00:00:00:00:13,31,perm_block
350,1,00:00:00:00:00:12,00:00:00:00:00:13,31,perm_block
350,2,00:00:00:00:00:16,00:00:00:00:00:13,31,perm_block
350,2,00:00:00:00:00:12,00:00:00:00:00:13,29,perm_block
356,1,00:00:00:00:00:12,00:00:00:00:00:13,32,perm_block
356,2,00:00:00:00:00:12,00:00:00:00:00:13,30,perm_block
361,1,00:00:00:00:00:16,00:00:00:00:00:13,32,perm_block
361,1,00:00:00:00:00:12,00:00:00:00:00:13,33,perm_block
361,2,00:00:00:00:00:16,00:00:00:00:00:13,32,perm_block
361,2,00:00:00:00:00:12,00:00:00:00:00:13,31,perm_block
366,2,00:00:00:00:00:16,00:00:00:00:00:13,33,perm_block
366,2,00:00:00:00:00:12,00:00:00:00:00:13,32,perm_block
366,1,00:00:00:00:00:16,00:00:00:00:00:13,33,perm_block
366,1,00:00:00:00:00:12,00:00:00:00:00:13,34,perm_block
371,1,00:00:00:00:00:16,00:00:00:00:00:13,34,perm_block
371,2,00:00:00:00:00:16,00:00:00:00:00:13,34,perm_block
376,1,00:00:00:00:00:16,00:00:00:00:00:13,35,perm_block
376,1,00:00:00:00:00:12,00:00:00:00:00:13,35,perm_block
376,2,00:00:00:00:00:16,00:00:00:00:00:13,35,perm_block
376,2,00:00:00:00:00:12,00:00:00:00:00:13,33,perm_block
381,1,00:00:00:00:00:16,00:00:00:00:00:13,36,perm_block
381,1,00:00:00:00:00:12,00:00:00:00:00:13,36,perm_block
381,2,00:00:00:00:00:16,00:00:00:00:00:13,36,perm_block
381,2,00:00:00:00:00:12,00:00:00:00:00:13,34,perm_block
386,1,00:00:00:00:00:12,00:00:00:00:00:13,37,perm_block
386,1,00:00:00:00:00:16,00:00:00:00:00:13,37,perm_block
386,2,00:00:00:00:00:12,00:00:00:00:00:13,35,perm_block
391,1,00:00:00:00:00:16,00:00:00:00:00:13,38,perm_block
391,2,00:00:00:00:00:16,00:00:00:00:00:13,37,perm_block
396,2,00:00:00:00:00:16,00:00:00:00:00:13,38,perm_block
396,2,00:00:00:00:00:12,00:00:00:00:00:13,36,perm_block
396,1,00:00:00:00:00:16,00:00:00:00:00:13,39,perm_block
396,1,00:00:00:00:00:12,00:00:00:00:00:13,38,perm_block
401,1,00:00:00:00:00:16,00:00:00:00:00:13,40,perm_block
401,2,00:00:00:00:00:16,00:00:00:00:00:13,39,perm_block
406,1,00:00:00:00:00:16,00:00:00:00:00:13,41,perm_block
406,1,00:00:00:00:00:12,00:00:00:00:00:13,39,perm_block
406,2,00:00:00:00:00:16,00:00:00:00:00:13,40,perm_block
406,2,00:00:00:00:00:12,00:00:00:00:00:13,37,perm_block
411,1,00:00:00:00:00:16,00:00:00:00:00:13,42,perm_block
411,1,00:00:00:00:00:12,00:00:00:00:00:13,40,perm_block
411,2,00:00:00:00:00:16,00:00:00:00:00:13,41,perm_block
411,2,00:00:00:00:00:12,00:00:00:00:00:13,38,perm_block
416,1,00:00:00:00:00:12,00:00:00:00:00:13,41,perm_block
416,2,00:00:00:00:00:12,00:00:00:00:00:13,39,perm_block
426,1,00:00:00:00:00:16,00:00:00:00:00:13,43,perm_block
426,2,00:00:00:00:00:16,00:00:00:00:00:13,42,perm_block
431,1,00:00:00:00:00:16,00:00:00:00:00:13,44,perm_block
431,1,00:00:00:00:00:12,00:00:00:00:00:13,42,perm_block
431,2,00:00:00:00:00:16,00:00:00:00:00:13,43,perm_block
431,2,00:00:00:00:00:12,00:00:00:00:00:13,40,perm_block
436,1,00:00:00:00:00:16,00:00:00:00:00:13,45,perm_block
436,1,00:00:00:00:00:12,00:00:00:00:00:13,43,perm_block
436,2,00:00:00:00:00:16,00:00:00:00:00:13,44,perm_block
436,2,00:00:00:00:00:12,00:00:00:00:00:13,41,perm_block
441,1,00:00:00:00:00:16,00:00:00:00:00:13,46,perm_block
441,1,00:00:00:00:00:12,00:00:00:00:00:13,44,perm_block
441,2,00:00:00:00:00:16,00:00:00:00:00:13,45,perm_block
441,2,00:00:00:00:00:12,00:00:00:00:00:13,42,perm_block
446,1,00:00:00:00:00:12,00:00:00:00:00:13,45,perm_block
446,1,00:00:00:00:00:16,00:00:00:00:00:13,47,perm_block
446,2,00:00:00:00:00:12,00:00:00:00:00:13,43,perm_block
446,2,00:00:00:00:00:16,00:00:00:00:00:13,46,perm_block
451,2,00:00:00:00:00:16,00:00:00:00:00:13,47,perm_block
451,1,00:00:00:00:00:16,00:00:00:00:00:13,48,perm_block
456,2,00:00:00:00:00:16,00:00:00:00:00:13,48,perm_block
456,1,00:00:00:00:00:16,00:00:00:00:00:13,49,perm_block
461,1,00:00:00:00:00:16,00:00:00:00:00:13,50,perm_block
461,2,00:00:00:00:00:16,00:00:00:00:00:13,49,perm_block
461,2,00:00:00:00:00:12,00:00:00:00:00:13,44,perm_block
466,1,00:00:00:00:00:16,00:00:00:00:00:13,51,perm_block
466,1,00:00:00:00:00:12,00:00:00:00:00:13,46,perm_block
466,2,00:00:00:00:00:16,00:00:00:00:00:13,50,perm_block
466,2,00:00:00:00:00:12,00:00:00:00:00:13,45,perm_block
471,1,00:00:00:00:00:16,00:00:00:00:00:13,52,perm_block
471,1,00:00:00:00:00:12,00:00:00:00:00:13,47,perm_block
471,2,00:00:00:00:00:16,00:00:00:00:00:13,51,perm_block
471,2,00:00:00:00:00:12,00:00:00:00:00:13,46,perm_block
476,1,00:00:00:00:00:16,00:00:00:00:00:13,53,perm_block
476,1,00:00:00:00:00:12,00:00:00:00:00:13,48,perm_block
476,2,00:00:00:00:00:16,00:00:00:00:00:13,52,perm_block
476,2,00:00:00:00:00:12,00:00:00:00:00:13,47,perm_block
481,2,00:00:00:00:00:16,00:00:00:00:00:13,53,perm_block
486,2,00:00:00:00:00:16,00:00:00:00:00:13,54,perm_block
491,1,00:00:00:00:00:16,00:00:00:00:00:13,54,perm_block
496,1,00:00:00:00:00:16,00:00:00:00:00:13,55,perm_block
496,1,00:00:00:00:00:12,00:00:00:00:00:13,49,perm_block
496,2,00:00:00:00:00:16,00:00:00:00:00:13,55,perm_block
496,2,00:00:00:00:00:12,00:00:00:00:00:13,48,perm_block
501,1,00:00:00:00:00:16,00:00:00:00:00:13,56,perm_block
501,1,00:00:00:00:00:12,00:00:00:00:00:13,50,perm_block
501,2,00:00:00:00:00:16,00:00:00:00:00:13,56,perm_block
501,2,00:00:00:00:00:12,00:00:00:00:00:13,49,perm_block
506,1,00:00:00:00:00:16,00:00:00:00:00:13,57,perm_block
506,1,00:00:00:00:00:12,00:00:00:00:00:13,51,perm_block
506,2,00:00:00:00:00:16,00:00:00:00:00:13,57,perm_block
506,2,00:00:00:00:00:12,00:00:00:00:00:13,50,perm_block
511,1,00:00:00:00:00:12,00:00:00:00:00:13,52,perm_block
511,2,00:00:00:00:00:12,00:00:00:00:00:13,51,perm_block
516,1,00:00:00:00:00:16,00:00:00:00:00:13,58,perm_block
516,2,00:00:00:00:00:16,00:00:00:00:00:13,58,perm_block
526,1,00:00:00:00:00:16,00:00:00:00:00:13,59,perm_block
526,2,00:00:00:00:00:16,00:00:00:00:00:13,59,perm_block
531,1,00:00:00:00:00:16,00:00:00:00:00:13,60,perm_block
531,2,00:00:00:00:00:16,00:00:00:00:00:13,60,perm_block
536,1,00:00:00:00:00:16,00:00:00:00:00:13,61,perm_block
536,1,00:00:00:00:00:12,00:00:00:00:00:13,53,perm_block
536,2,00:00:00:00:00:16,00:00:00:00:00:13,61,perm_block
536,2,00:00:00:00:00:12,00:00:00:00:00:13,52,perm_block
541,1,00:00:00:00:00:12,00:00:00:00:00:13,54,perm_block
541,2,00:00:00:00:00:12,00:00:00:00:00:13,53,perm_block
546,1,00:00:00:00:00:16,00:00:00:00:00:13,62,perm_block
546,1,00:00:00:00:00:12,00:00:00:00:00:13,55,perm_block
546,2,00:00:00:00:00:16,00:00:00:00:00:13,62,perm_block
551,1,00:00:00:00:00:12,00:00:00:00:00:13,56,perm_block
551,2,00:00:00:00:00:12,00:00:00:00:00:13,54,perm_block
561,1,00:00:00:00:00:16,00:00:00:00:00:13,63,perm_block
561,1,00:00:00:00:00:12,00:00:00:00:00:13,57,perm_block
561,2,00:00:00:00:00:16,00:00:00:00:00:13,63,perm_block
561,2,00:00:00:00:00:12,00:00:00:00:00:13,55,perm_block
566,1,00:00:00:00:00:16,00:00:00:00:00:13,64,perm_block
566,1,00:00:00:00:00:12,00:00:00:00:00:13,58,perm_block
566,2,00:00:00:00:00:16,00:00:00:00:00:13,64,perm_block
566,2,00:00:00:00:00:12,00:00:00:00:00:13,56,perm_block
571,1,00:00:00:00:00:12,00:00:00:00:00:13,59,perm_block
571,2,00:00:00:00:00:12,00:00:00:00:00:13,57,perm_block
581,1,00:00:00:00:00:16,00:00:00:00:00:13,65,perm_block
581,2,00:00:00:00:00:16,00:00:00:00:00:13,65,perm_block
586,1,00:00:00:00:00:16,00:00:00:00:00:13,66,perm_block
586,2,00:00:00:00:00:16,00:00:00:00:00:13,66,perm_block
591,1,00:00:00:00:00:16,00:00:00:00:00:13,67,perm_block
591,2,00:00:00:00:00:16,00:00:00:00:00:13,67,perm_block
596,1,00:00:00:00:00:16,00:00:00:00:00:13,68,perm_block
596,1,00:00:00:00:00:12,00:00:00:00:00:13,60,perm_block
596,2,00:00:00:00:00:16,00:00:00:00:00:13,68,perm_block
596,2,00:00:00:00:00:12,00:00:00:00:00:13,58,perm_block
601,1,00:00:00:00:00:12,00:00:00:00:00:13,61,perm_block
601,2,00:00:00:00:00:12,00:00:00:00:00:13,59,perm_block
606,1,00:00:00:00:00:16,00:00:00:00:00:13,69,perm_block
616,2,00:00:00:00:00:16,00:00:00:00:00:13,69,perm_block
621,1,00:00:00:00:00:16,00:00:00:00:00:13,70,perm_block
621,1,00:00:00:00:00:12,00:00:00:00:00:13,62,perm_block
621,2,00:00:00:00:00:16,00:00:00:00:00:13,70,perm_block
621,2,00:00:00:00:00:12,00:00:00:00:00:13,60,perm_block
626,1,00:00:00:00:00:16,00:00:00:00:00:13,71,perm_block
626,1,00:00:00:00:00:12,00:00:00:00:00:13,63,perm_block
626,2,00:00:00:00:00:16,00:00:00:00:00:13,71,perm_block
626,2,00:00:00:00:00:12,00:00:00:00:00:13,61,perm_block
631,1,00:00:00:00:00:12,00:00:00:00:00:13,64,perm_block
631,2,00:00:00:00:00:12,00:00:00:00:00:13,62,perm_block
636,1,00:00:00:00:00:16,00:00:00:00:00:13,72,perm_block
641,2,00:00:00:00:00:12,00:00:00:00:00:13,63,perm_block
646,2,00:00:00:00:00:16,00:00:00:00:00:13,72,perm_block
651,1,00:00:00:00:00:16,00:00:00:00:00:13,73,perm_block
651,2,00:00:00:00:00:16,00:00:00:00:00:13,73,perm_block
651,2,00:00:00:00:00:12,00:00:00:00:00:13,64,perm_block
656,1,00:00:00:00:00:16,00:00:00:00:00:13,74,perm_block
656,1,00:00:00:00:00:12,00:00:00:00:00:13,65,perm_block
656,2,00:00:00:00:00:16,00:00:00:00:00:13,74,perm_block
656,2,00:00:00:00:00:12,00:00:00:00:00:13,65,perm_block
661,1,00:00:00:00:00:12,00:00:00:00:00:13,66,perm_block
661,2,00:00:00:00:00:12,00:00:00:00:00:13,66,perm_block
115,2,00:00:00:00:00:16,00:00:00:00:00:13,0,Rate Limit at 100 kBps
115,1,00:00:00:00:00:16,00:00:00:00:00:13,0,Rate Limit at 100 kBps
130,1,00:00:00:00:00:12,00:00:00:00:00:13,0,Rate Limit at 100 kBps
140,2,00:00:00:00:00:12,00:00:00:00:00:13,0,Rate Limit at 100 kBps
145,2,00:00:00:00:00:12,00:00:00:00:00:13,0,Rate Limit at 100 kBps
150,1,00:00:00:00:00:16,00:00:00:00:00:13,0,Rate Limit at 100 kBps
150,2,00:00:00:00:00:12,00:00:00:00:00:13,0,Rate Limit at 100 kBps
150,2,00:00:00:00:00:16,00:00:00:00:00:13,0,Rate Limit at 100 kBps
160,1,00:00:00:00:00:12,00:00:00:00:00:13,0,Rate Limit at 100 kBps
175,2,00:00:00:00:00:12,00:00:00:00:00:13,0,Rate Limit at 100 kBps
190,1,00:00:00:00:00:16,00:00:00:00:00:13,0,Rate Limit at 100 kBps
195,1,00:00:00:00:00:16,00:00:00:00:00:13,0,Rate Limit at 100 kBps
200,1,00:00:00:00:00:16,00:00:00:00:00:13,0,Rate Limit at 100 kBps
456,1,00:00:00:00:00:51,00:00:00:00:00:13,0,Rate Limit at 100 kBps
